text,emoji,discovered
Cray-kart 5,ğŸï¸,True
Cyber Hula Kart 3d Pinball,ğŸ®,True
Cybercorn Kart 3,ğŸ®,True
Arcade Rambo,ğŸ•¹ï¸,True
Wii U Disco,ğŸ®,False
Gamera: Super Monster,ğŸ¢,False
Cybermoai Kart Pinball,ğŸ®,False
Mario Paint Shogi,ğŸ¨,True
Cyberdark Mario Kart RosÃ©,ğŸ·,True
Super Cyberdolphin Kart 64,ğŸ¬ğŸï¸,True
Cyber-mario Kart 8,ğŸ®,True
Android Mario Galaxy,ğŸ¤–ğŸŒŒ,True
Cyberdada Kart Wars Wii U,ğŸ®,True
Cyber-goku Kart,ğŸï¸,True
Cyberdrive Gogratom Kart 8,ğŸ®,True
Gamera 3d,ğŸ¢,False
Cyber-Jesus-Mario Kart,ğŸ®,True
Cyber-kushogratom,ğŸ¤–,True
Cyber Mario Kart Wars 3d Vr,ğŸ®,True
Cyber-mecha-mickey Kart Vr,ğŸ®,True
Super Mario 64 Flash,ğŸ„,False
Cyberalien Tsunami,ğŸ‘¾ğŸŒŠ,True
Cybercake Mario Galaxy,ğŸ‚ğŸŒŒ,True
Super Gizmo Kart,ğŸï¸,True
Cyber-marlin Boy,ğŸŸ,True
Cyber-Luigi Kart,ğŸ•¹ï¸,True
Cyber Sega Mario Kart 6,ğŸ®,True
Baby Daisy Kart,ğŸ‘¶,False
Cyber Gamera Ra Kart Wars 3.0,ğŸ®,True
Cyberpop Tiki Mario,ğŸ¤–ğŸ¹ğŸŒº,True
Groot Mario Kart,ğŸŒ³ğŸï¸,False
Mecha Marioquake 3.0,ğŸ¤–,True
Cyber-mario Kart 14,ğŸ®,True
Kimchi Bros. Z,ğŸœ,True
Cyber Sodaypumice Mario Disco,ğŸ®,True
NBA 2K20,ğŸ€,False
Cyber-tiki-mario-kart-ds-carzilla,ğŸ®,True
Cyber-house Of Pong Cupid Kart Prime,ğŸ®,True
Gizmo Dice Shooter,ğŸ²,True
Cyber Saki Car Galaxy,ğŸš—ğŸŒŒ,True
Cyber-Nintendo,ğŸ®,True
Cyberpop Tiki Mario Galaxy 2,ğŸ®,True
Sega Dreamcast,ğŸ®,False
Cyberlily Kimchi Kart Galaxy,ğŸ®,True
Flash Chip,ğŸ’¡,False
Android Slap Kart,ğŸ¤–ğŸ‘‹ğŸï¸,True
Cyberdorito Kart 7,ğŸ®,True
Cyber-tiki-mario-kart 3d,ğŸ®,True
Cyber Komodo Pie,ğŸ¥§,True
Cyber Mario Party 4,ğŸ®,False
Cyberdada Kart Zephyr 3d Pinball,ğŸ®,True
Cyber Sonic Melee Vr,ğŸ®,True
Cyber Mario Rpg Sega Sodazoo,ğŸ®,True
Cyber Mario Party Galaxy Kart,ğŸ®,True
Tiki-toki,ğŸ•›,False
Cyberpop Segaquake 4,ğŸ®,True
Cyber Tiki Imp Gamera Kart Vr,ğŸ®,True
Pinball Run,ğŸ®,True
Cyber-house Of Pong-mecha,ğŸ•¹ï¸,True
Cyber Mecha Gamera Kong Mario Kart 3d World,ğŸ®,True
Cyberdada Gamera-tiki-dorito-computer,ğŸ¤–,True
Cyber Dice,ğŸ²,False
Cyber-Mario Kart 7,ğŸ®,True
Cyber-ai 3d Land 64,ğŸ®,True
Dr. Cyber-dos Mario Kong,ğŸ•¹ï¸,True
Cyber-komodo Vader Kart 3d Vr,ğŸ®,True
Super Tiki Mario Disco,ğŸ’ƒğŸ‰,True
Marioquake 6,ğŸ®,False
Mario Kart Vr Inquisition,ğŸ®,True
Cyber-gamer,ğŸ®,False
Mecha Mario Galaxy Tiki Cyberyakko,ğŸ¤–ğŸŒŒğŸ—¿,True
Cyber Mecha-mickey Saki,ğŸ¤–ğŸ­,True
Cyberbatali Wii U,ğŸ®,True
Cyber Lana Kart 7,ğŸ®,True
Cyber Lollipop Mouse Pikachu,ğŸ­ğŸ­âš¡,True
Couchyogi Kart PiÃ±a Pop,ğŸ›‹ï¸ğŸ§˜ğŸ»,True
Cyber-goku Disco Mickey,ğŸ¤–,True
Steampunk Cyber Tiki Mario Kart,ğŸ¤–,True
Mario Kart Wii 3.0,ğŸ®,True
Moai Kart 3d PiÃ±a Pop,ğŸ—¿ğŸï¸ğŸ,True
Cyberwood Disco Kart 64,ğŸ•¹ï¸,True
Mecha Marioquake Kart 8 Deluxe,ğŸ¤–ğŸï¸,True
Arcade Rambo Mario Kart,ğŸ®,True
Cyber Tiki Temple,ğŸŒğŸ—¿,True
Cyberblade Tiki Mario Kart 6,ğŸ®,True
Cybermario Kart 9,ğŸ®,False
Astro Ra Kart PiÃ±a Pop,ğŸ,True
Tiki Mecha Marlin,ğŸ¤–,True
Cyber Mario Poker,ğŸ®ğŸƒ,True
Wakko Mario,ğŸ¤”,True
Cyber Santa Dorito,ğŸ…ğŸ»,True
Mario Galaxy Kart 3d,ğŸ®,True
Cybervr Tiki Skatebot Pinball,ğŸ¤–ğŸŒ´ğŸ›¹,True
Cyberangel Tiki Kart 7,ğŸ®,True
Hula-mario Kart Wii,ğŸŒºğŸï¸,True
Cyber Shogi Jacksepticeye,ğŸ¤–,True
Mecha-mario Kart,ğŸ¤–ğŸï¸,False
Kimchi Lollipop,ğŸ­,False
Cyber Mario Kart 2 Arcade,ğŸ®,True
Cyber Town Rpg Vr,ğŸ®,True
Cyber Reality,ğŸŒ,False
Cyber Elmo Kart Wars 3.0,ğŸ®,True
Cyberbaby Mario Kart 8 Deluxe,ğŸ®,True
Cyber-tiki Mario Kart Pikachu,ğŸ®,True
Cybermilk Sega Galaxy 3d Car,ğŸ•¹ï¸,True
Cyberdrive Mario Kart 8 Deluxe,ğŸ®,True
Cyber Gogratom Disco Santa Kart,ğŸ¤–ğŸ„ğŸï¸,True
Cyber-komodo Kart,ğŸ¦ğŸï¸,True
Cybersepticeye Mario Party,ğŸ®,True
Cyber Marioquake 3d,ğŸ®,True
Cyberbaby Kart 3d,ğŸ®,True
Mecha Mickey Galaxy Kart 2,ğŸ¤–ğŸ­ğŸŒŒ,True
Wii U Pixel Kart,ğŸ®,True
Cybermoai Mariobot,ğŸ¤–,True
Elmo Mario Kart,ğŸ®,False
Cyberpop Tiki Mickey Kong,ğŸ¤–ğŸ¹ğŸ­,True
Goku Rice,ğŸš,False
Cyber-mario Prime,ğŸ®,True
Cyberdrive Mario Galaxy,ğŸ®,True
Cyber Mario Odyssey Vr Dos,ğŸ®,True
Cyber Mario Party Galaxy Kart 3,ğŸ®,True
Dr. Gamerpad Mecha,ğŸ®,True
Cyber-golem Mario Kart-mecha Flash,ğŸ¤–,True
Cybermoai Imp,ğŸ¤–,True
Cyber Gogratomunculus Pong,ğŸ¤–,True
Cyberdorito Macaron 3,ğŸ¤–ğŸª,True
Cyberpuff Kart 8 Vr,ğŸ®,True
Cyberwalmart 3d,ğŸ›’,True
Cyber-komodo Bear Mario 3d,ğŸ»ğŸ®,True
Cyber Mario Galaxy 3d Vr Rpg,ğŸ®,True
Cyber Santa Mario Kart,ğŸ…ğŸï¸,True
Super Marioquake 3D,ğŸ®,True
Cyber Gamera Ra Kart 5,ğŸ®,True
Cyberdrive Macmoai,ğŸ¤–,True
Macmo Genesis,ğŸ’»,True
Cyberdrive Mario Kart Tank,ğŸ®,True
Cyber Jesus Kart 4,ğŸ®,True
Cyberwhal Kart-mecha Ds,ğŸ®,True
Cyberalien Mario Kart 3d Land,ğŸ‘¾ğŸ‘½ğŸï¸,True
Cyber Mecha Marioquakezilla Hoop,ğŸ¤–ğŸ•¹ï¸ğŸ¦–,True
Steampunk Yakko,ğŸ©,True
Cyber Mario Party Sega,ğŸ®,True
Cyberalien Kart Rpg Mario,ğŸ‘¾ğŸï¸ğŸ®,True
Pongball,ğŸ“,False
Mario Kart: Double Dash!!,ğŸï¸,False
Bubble Mickey,ğŸ­ğŸ’­,False
Cyber Mecha-mickey Kart Vr Pinball,ğŸ®,True
Cyber Moesha Shogi,ğŸ®,False
Cyberbunny Kush,ğŸ°,True
Cylon Mario Mecha,ğŸ¤–,True
Cyberlama Kart 3d Pinball,ğŸ®,True
Cyber Mario Galaxy Pikachu,ğŸ®,True
Cybermoai Kart Vr,ğŸ®,True
Cyber Mario Kart 3d Land,ğŸ®,True
Ammonite Mario Kart 2,ğŸ®,True
Moai Mario Kart Dos: The Movie,ğŸ®,True
Cyber Mario Kart 3d Rpg Sega,ğŸ®,True
Super Mario Gamera,ğŸ®,True
Cyber Pong Kart 64 Drive-go-mecha-tiki-comput,ğŸ®,True
Mario Pinball 2,ğŸ®,True
Cyber Town Pinball,ğŸ•¹ï¸,True
Cyberion Kart Glow,ğŸ®,True
Cyber-mecha Kart 3d Pinball,ğŸ®,True
Cyberbaby Mario Kart Galaxy,ğŸ®ğŸ‘¶ğŸï¸,True
Cyber Tiki Gamer,ğŸ®,True
Bubble Wii U Party 4,ğŸ®,True
Cyberdino-mickey Tiki,ğŸ¦–ğŸ­ğŸ—¿,True
Cyber-mario Rpg U,ğŸ®,True
Cyber Gamera Ra Kart Genesis 3d,ğŸ®,True
Cyberdark Tiki Mario,ğŸ•¹ï¸,False
Pixel Artist,ğŸ¨,False
Cyberstorm 3d Pinball Ra Kart,ğŸ•¹ï¸,True
Cyberdorito Kart 64,ğŸ®,True
Cyber Lollipop Tank 2,ğŸ­ğŸ®,True
Cyber Crayonami Galaxy,ğŸ–ï¸ğŸŒŒ,True
Super Mecha-mario Maker,ğŸ¤–,True
Cyber Mac-kart,ğŸ•¹ï¸,True
Cyberbear Mario Kart,ğŸ®,True
Kimchi Mouse,ğŸ­,False
Cyber-tea Games,ğŸ®,True
Cybermario Batali Kart Van,ğŸ•¹ï¸,True
Baby Gamera Kart Rave,ğŸ¢ğŸï¸ğŸ‰,True
Cyberangel Ra Kart 7,ğŸ®,True
Cray-kart 3.0,ğŸï¸,True
Cyber Hula-mario Kart Rice,ğŸ•¹ï¸ğŸŒºğŸ,True
Cyber Jesus Mario Hoop Mecha Lollipop Mouse Rpg,ğŸ®,True
Steampunk Mario Galaxy Kart,ğŸ•°ï¸ğŸš—,True
Cyber Town Rpg Movie 2,ğŸ®,True
Cyberdrive Mickey,ğŸ­,True
Cyber Mecha Mario Kart Rave,ğŸ¤–ğŸï¸ğŸ‰,True
Cyber Calamari Rambo Kart 4.0,ğŸ¦‘ğŸï¸,True
Darth Marioquake 64,ğŸ•¹ï¸,True
Cyber Mario Galaxy 3d Vr Rpg Tank,ğŸ®,True
Cyberdice Kart 3,ğŸ®,True
Pixel Flashyogi,ğŸ§˜â€â™‚ï¸,True
Cyber Jesus Pong,ğŸ•¹ï¸,True
Cyber Town Pinball 3d Galaxy,ğŸ•¹ï¸,True
Super Mecha Gamera Kong Mario Kart,ğŸ¤–ğŸ¢ğŸ¦,True
Cyberalien Mario Kart Tiki,ğŸ‘¾ğŸ‘½ğŸï¸,True
Cyber Dr. Mario Kart Tour,ğŸ®,True
Super Mario Kart Odyssey Rave,ğŸ®,True
Super Mario Party Galaxy 3d,ğŸ„ğŸ®ğŸŒŒ,False
Komodo Pc Pinball Land,ğŸ®,True
Cyber Gamera Venom Kart Maker,ğŸ®,True
Cyberbaby Kart Vr,ğŸ®,True
Cyber Ninja Poker 3d Vr,ğŸƒ,True
Cyber-goku Pinball 3d,ğŸ•¹ï¸,True
Cyber Calamari Rambo Kart 7,ğŸ¦‘ğŸï¸,True
Cyber Dr. Mario Bros. 3d World,ğŸ®,True
Cyber-tiki Mario Kart 3d Vr,ğŸ®,True
Super Gizmo Kart 3d,ğŸ®,True
Cyber Santa Tiki Mario Kart,ğŸ…ğŸï¸ğŸ,True
Cyber-goofy-were-gizmo-playstation 4,ğŸ®,True
Cybercouchyogi Kart,ğŸ®,True
Dr. Mario Kart Empire,ğŸ®,True
Bubble Kart 64 3: The Movie Party,ğŸ®,True
Super Mario Odyssey 3d,ğŸ„ğŸ‘¨â€,False
Super Mecha Cray-kart 3d,ğŸ¤–ğŸï¸,True
Mario Kart Party,ğŸ®,False
Cybermario Zephyr Batali Kart,ğŸ®,True
Mecha Mario Kart Gamera,ğŸ¤–ğŸï¸ğŸ¢,True
Cyberpokemon 3d World Pinball,ğŸ®,True
Super Mario Kart Maker 6,ğŸï¸ğŸ„ğŸ,False
Mario Kart 3: Moai Kong,ğŸ®,True
Cyberwar Super Astro Mouse,ğŸ­,True
Cyber Gamera Ra Kart Sega Wii,ğŸ®,True
Cyber-tiki-mario-soday-meme Kart Wars,ğŸ®,True
Super Jack Bros,ğŸ®,False
Steampunk Cyberbaby Kart 3d,ğŸ¤–,True
Super Mecha-mario Kart 3d,ğŸ®,True
Cybermilk Sega Galaxy X,ğŸ¤–ğŸ¥›ğŸŒŒ,True
Tiki Toss,ğŸ¯,False
Gizmoscope Kart 3.0,ğŸ”ğŸï¸,True
Cyber Pong Dorito Kart,ğŸ®,True
Cyber-mario Kart and sonic,ğŸ®,True
Cyber Skate Kart Z,ğŸ®,True
Cyber Marioquake 3d Gamer,ğŸ®,True
Cyberblade Tiki Mario Kart 9,ğŸ®,True
Cyberlight Kart,ğŸ•¹ï¸,True
Chip Kart,ğŸš—,False
Cyber Jesus Mario Kart 3d 64,ğŸ®,True
Astro Ra Kart 8,ğŸš—,True
Bubble Kart Galaxy 5,ğŸ®,True
Gamera Kart,ğŸ¢ğŸï¸,False
Wii-mote,ğŸ®,False
Cyberdorito Kart 3.0,ğŸ®,True
Cyber-tiki Poker,ğŸƒ,True
Cyberdark Tiki Kong,ğŸ¦,True
Cyber-gamecouchon Werekomodo,ğŸ®ğŸ¦,True
Mario Kart 3d Pinball,ğŸ®,True
Cyber Town Rpg Movie Golem,ğŸ¤–,True
Cyberdino-mickey Gizmo,ğŸ¦–ğŸ­ğŸ¤–,True
Cyber-tiki Mario Kart 7,ğŸ®,True
Komodo Poker 2,ğŸ¦ğŸƒ,True
Cyber Marioquake,ğŸ®,True
Cyberdorito Flash Kart,ğŸ®,True
Hula Mario 7.0 Cloud,â˜ï¸,True
Mariobot Pinball,ğŸ¤–ğŸ®,True
Jacksepticeye Pinball Land 64,ğŸ®,True
Cyberbaby Kart Rave-by,ğŸ®,True
Tiki Gogratom,ğŸ¤”,True
Cyberdorito Pinball,ğŸ•¹ï¸,True
Kimchi Mecha Riding Raveboard,ğŸ¤–ğŸ›¹,True
Cyber Jesus Mario Kart Arcade,ğŸ®,True
Cyber Gogratom Pan Soda,ğŸ¤–,True
Arcade Rambo 3d World,ğŸ®,True
Cyber Jesus Mac 3.0,ğŸ¤–,True
Matcha Shell Mario Kart,ğŸµğŸ¢ğŸï¸,True
Portal Kart,ğŸš€ğŸï¸,False
Crystal Mega,ğŸ’,True
Frog Suit,ğŸ¸,False
Cyberobama Tiki,ğŸ¤–,True
Alien Soda,ğŸ‘½ğŸ¥¤,False
Kimchi Juice Lollipop,ğŸ¤¢,True
Cyber Faun Tao,ğŸ¤–,True
Cybermatter,ğŸ’»,False
Cyber Sauron,ğŸ‘¾,False
Cyber Sashimi Kart 3d,ğŸ£ğŸï¸,True
Chia-thrash,ğŸŒ±ğŸ—‘ï¸,True
Cybercantina Funhouse 4,ğŸ‰,True
Pixar Mahjong,ğŸ€„,True
Cyber Gamera Ra Kart Wars 64,ğŸ®,True
Cyber Narwhal,ğŸ¦„,False
Glow Ninja 3d Galaxy,ğŸŒŒ,True
Mecha Cyberfrosty,ğŸ¤–â„ï¸,True
Mecha-Were-couch,ğŸ¤–ğŸºğŸ›‹ï¸,True
The Ultimate Gaming Experience,ğŸ®,False
Super Mario Galaxy Bros. 3,ğŸŒŒğŸ‘¨â€,True
Cyberpacific Cylon Mario,ğŸ®,True
Cyber-moto,ğŸï¸,True
Choppogramma,ğŸŸ,True
Frogger Mario 3d,ğŸ¸ğŸ„,True
Gunner,ğŸ”«,False
Cyber Ra 3d Galaxy,ğŸŒŒ,True
Cyber-komodoquake Rave,ğŸ¦ğŸ‰,True
Cyber Sega Mario Kart Pufferpop,ğŸ®,True
Rocky Horror Cyberwitch Show,ğŸ”®,True
Carphone Warehouse,ğŸ“±,False
Moe-Bot,ğŸ¤–,False
Cybercake Mecha Mariobot,ğŸ‚ğŸ¤–,True
Cyber Marsado,ğŸ¤–,True
Chess Mommy,â™Ÿï¸ğŸ‘©â€,False
Super Mario Slap 4,ğŸ‘‹,True
Cyber Mario Kart Party,ğŸ®ğŸï¸,False
Mario Disco House,ğŸ’ƒğŸ»ğŸ ,True
Clonefelf,ğŸ¤–,True
Bubble Kart Galaxy 5 VR,ğŸ®,True
Zombie Genie,ğŸ§â€â™‚ï¸,False
Tiki Cyber,ğŸ¤–ğŸ—¿,False
Cyber Trainquake,ğŸš„,True
Chessmonk,â™Ÿï¸,False
Pong-e,ğŸ“,False
Cyber-moe,ğŸ¤–,False
Mecha Komodo Kart Golem,ğŸ¤–ğŸ¦ğŸï¸,True
Cyber Tiki Dorito,ğŸ¤–ğŸ—¿ğŸŒ´,True
Cybercoder,ğŸ’»,False
Cyber Gamera Ra Kart 13,ğŸ®,True
Bouncy Car,ğŸš—ğŸ”ƒ,False
Cyber Sodalite,ğŸ”µ,True
Boomwhack,ğŸ’¥,True
Z3,ğŸ¤–,False
Tiki Jam,ğŸ,False
Cyber Gigantamax Dixie Kong,ğŸ¦,True
Cyberdrive Chessia,ğŸ®,True
Chessodile Gigantamax,ğŸŠ,True
Cyberfleas Ra Kart Wars 64,ğŸ®,True
Car Seat Genie,ğŸš—,False
Hula Poptroll,ğŸ’ƒ,True
Cyberpig Disco,ğŸ’ƒğŸ·,True
Cyberfudd,ğŸ¤–,False
Glowmom Rambo,ğŸ¤–,True
Cyber-screenlama PiÃ±a Pop,ğŸğŸ¿,True
Wii U Gamepad,ğŸ®,False
Cyberpop Segaquake 5,ğŸ®,True
Cyber-glass,ğŸ•¶ï¸,False
Cyber Slap Kart,ğŸ®,True
Cybermario Kart Fusion,ğŸ®,True
Cyberfruit Rambo Z,ğŸ¤–,True
Superfruit Games,ğŸ,True
Cyber SegaSoday,ğŸ®,True
Choo-mario Partybot,ğŸš‚ğŸ‰ğŸ¤–,True
Cyber Car Gizmo Bros.,ğŸš—,True
Crash Kart,ğŸï¸,False
Cyberkart Pudding,ğŸ®,True
Cyber Werewolf,ğŸº,False
Cybermoai Disco Kart,ğŸ¤–ğŸ—¿ğŸ•º,True
Google Ramen,ğŸœ,False
Cyber Surfing Alien,ğŸ‘½ğŸ„â€â™‚,False
Mario Lemieuxâ€™s Stash,ğŸ’,True
Chicken Mario 64dd Galaxy Land 3,ğŸ—ğŸ„ğŸŒŒ,True
Robotron 2084,ğŸ¤–,False
Super Mario Party,ğŸ®,False
Cyberkong,ğŸµ,False
Hula-mario Kart 7,ğŸŒºğŸï¸,True
Cyber-mecha Piranha,ğŸ¦¾,True
Laser Ninjah,ğŸ”«ğŸ¥·,True
Mecha Yoda,ğŸ¤–,False
Kiev Tractor,ğŸšœ,True
Gone With The Werepunch,ğŸºğŸ’¥,True
Were-snowman,â˜ƒï¸,False
Tractor Fort,ğŸšœğŸ°,False
Dark Athleisure,ğŸ–¤,True
Cloudship Genie,ğŸ§â€â™‚ï¸,True
Treetopia,ğŸŒ²,False
Dirt Park,ğŸï¸,False
Werepig Carnival,ğŸ·ğŸ¡,True
Flying Fjordan,ğŸ•Šï¸,True
Misty Swamp,ğŸŒ«ï¸,False
Bill Nye the Science Guy,ğŸ”¬,False
Werebushel,ğŸ§›â€â™‚ï¸,True
Entsnowmagedrunken,ğŸ¤”,True
Alleyway,ğŸœï¸,False
Flying Windu,ğŸ¦¸â€â™‚ï¸,False
Nether Janitor,ğŸ‘¹,True
FrosÃ© Thing,ğŸ¹,True
Werecarrier,ğŸºğŸ“¦,False
Yellow Snowpirate,â˜ ï¸,False
Hailpark,â“,True
Were-horse,ğŸ,False
Clogtrap Gollum,ğŸ¤–,False
Pixel Treehouse,ğŸ ğŸ®,False
Beast Truck,ğŸšš,False
Cornostrich,ğŸ¦,True
Ai Carumba,ğŸ’©,False
Maple Street,ğŸ,False
Were-chop,ğŸº,False
Boglot,ğŸ¤”,True
Allusion Farm,ğŸ„,True
Foggy Puddle,ğŸŒ«ï¸ğŸ’§,False
Christmas Tree Ship,ğŸ„â›µï¸,False
Cotton Pickup,ğŸŒ¾,True
Mt. Dewmoblie,ğŸ”ï¸ğŸš—,False
Endorse,ğŸ‘,False
Dark Swamp,ğŸŠ,False
Head Lichen Treehouse,ğŸŒ³,True
Echocon,ğŸ‘»,False
Smoke Terminator,ğŸ’¨,False
Fogart,ğŸŒ«ï¸,False
Flying Muddy Snow,â„ï¸,True
Chilled Werefire,ğŸ”¥â„ï¸,True
Earthblade,ğŸŒ,False
Dark Mountain Bouquet,ğŸ”ï¸ğŸ’,True
Farming Simulator 15,ğŸšœ,False
Gone With The Viking,ğŸ“š,False
Crop Under,ğŸŒ¾,True
Yak Wrap,ğŸŒ¯,False
Smoking Loan,ğŸš­,True
Gone With The Werecruise,ğŸºğŸš¢,True
Cedar Log,ğŸªµ,False
Netherite Werefairy,ğŸ§šâ€â™€ï¸,True
Smoke Signals,ğŸ’¨,False
Cottonade,ğŸ¹,False
Vapose,ğŸ’¨,False
Little Shop Of Energy,ğŸŒ±,True
Were-surfer,ğŸ„â€â™‚ï¸,False
Bushwash,ğŸŒ³ğŸš¿,False
Gone With The Lasso,ğŸ¤ ,True
Flying Aloe Docks,ğŸŒ¿âœˆï¸ğŸï¸,True
Swamp Banksy,ğŸŠğŸ¨,False
Flying Steamus,âœˆï¸,True
Carry-On,ğŸ§³,False
Gone With The Snow,â„ï¸,False
Astro-turf,ğŸŒ±ğŸˆ,False
Steam Mecha Head,ğŸ¤–,True
Sari The Tanked Engine,ğŸš‚,True
Supervorex,ğŸ¤–,False
Fireloki,ğŸ”¥,False
Paratea Cannon,ğŸš€,True
Super Pyro,ğŸ”¥,False
Super Firemegalodon,ğŸ”¥ğŸ¦ˆ,True
Hayon Rangers,ğŸš—,True
Tanktopsaurus,ğŸ¦–ğŸ‘•,False
Archon,ğŸ¹,False
Bushido Mama,ğŸ‘©â€ğŸ‘¦,True
Super Shield,ğŸ›¡ï¸,False
Super Tanker,ğŸ›¢ï¸,False
Supergnocchi Army,ğŸ¦¸â€â™‚ï¸,True
Dragonborn Mecha Echo,ğŸ‰ğŸ¤–ğŸ”Š,True
Mount Dragonstein,ğŸ”ï¸ğŸ‰,False
Hogwarts War Rover,âš¡ğŸ°,True
Naga Titanado,ğŸ,True
Vape Kraken,ğŸ™,False
Supertea,ğŸµ,False
Ammon Warg,ğŸº,True
Mammothstein,ğŸ¦£,False
Ammon Rover,ğŸš€,False
Supercentaurtaz,ğŸ¦„,True
Ammon Gollump,ğŸ¤”,True
Ogre Cannon,ğŸ’£,False
Blimothra,ğŸ¦‹,True
Pyro Tank,ğŸ”¥ğŸ›¡ï¸,False
Matterhorny Kraken,ğŸ”ï¸ğŸ¦‘,True
Cactrainado,ğŸŒµğŸŒªï¸ğŸŒµ,False
Gnomar the Great,ğŸ§™â€â™‚ï¸,False
Amphibotar,ğŸ¦,True
Super Damalodon,ğŸ¦•,False
Superphinx,ğŸ¦,False
Super Iguanodon,ğŸ¦•,True
Super Dendro,ğŸŒ³,False
Hyperloop Stent,ğŸš„,True
Gundroid Trailer,ğŸ¤–,True
Super Cyclopsnado,ğŸŒ€,False
Brontoraptor Voltron,ğŸ¦•ğŸ¦–ğŸ¤–,True
Supergnocchi Cannon,ğŸ,True
Cronus FrosÃ©,ğŸ¹,True
Mt. Gunsilver Carbonara,ğŸ,True
Cowboyosaurus,ğŸ´,False
Dolly Tractor,ğŸšœ,True
Vape Priest,ğŸ’¨,False
Ammojet,ğŸ’£,True
Krillo Engine,ğŸš€,True
Superultramountain,ğŸ”ï¸,True
Superparasaur,ğŸ¦•,False
Superatv,ğŸï¸,True
Cronite,â°,False
Artnet,ğŸ¨,False
Watt,ğŸ’¡,False
DJ Roomba,ğŸ§ğŸ¤–,False
Poptimist,ğŸ­,True
SpinVant,ğŸŒ€,True
Modscene,ğŸ•¶ï¸,True
Cadawhal,ğŸ‹,True
Fogumami,ğŸ£,True
Amalgamass,ğŸ¤”,True
E-Bike,ğŸš²,False
Repeatammo,ğŸ”,True
Chocowereplant,ğŸ«ğŸŒ±,False
Delfinoid,ğŸ¬,False
Fan Signal,ğŸ“£,False
Fanphantasy,ğŸ˜,True
Gait,ğŸš¶,False
Populous,ğŸ™ï¸,False
Calvocade,ğŸ‰,True
Fashion Tank,ğŸ‘—,False
That,ğŸ’©,False
Chai Switch,â˜•ï¸ğŸ”€,False
Fjunar,ğŸ¤”,True
Haruhi,ğŸŒŒ,False
Argonaut,ğŸ¹,False
Vape Hoodie,ğŸš¬ğŸ‘•,False
Vape Skog,ğŸŒ²,True
Fjareth,ğŸ¤”,True
Cognito Ergo Sum,ğŸ¤”,False
Bamlamt,ğŸ¤”,True
Hearing Aid,ğŸ¦»,False
Ajvarleaf,ğŸƒ,True
Simulaton,ğŸ¤–,False
Fanlumio,ğŸŒŸ,False
Itea,ğŸµ,False
Cli-nator,ğŸ¤–,False
Hypothesis,ğŸ§ª,False
Gatling Gun,ğŸ”«,False
Gosub,ğŸ¤–,False
Belt,ğŸ‘–,False
Carvac,ğŸš—,False
Dorydoctor,ğŸ ,True
Lamesa,ğŸ½ï¸,True
Hairy Kangaroo,ğŸ¦˜,False
Bolt,âš¡ï¸,False
Chakrawhiskeyment,ğŸ¥ƒ,True
Polyp,ğŸ”µ,False
Vr Horizon,ğŸ•¶ï¸,True
Shush,ğŸ¤«,False
Babyphoenix,ğŸ¤,False
Elentir,ğŸ¤–,False
Abstain,ğŸš«,False
Pop-up Book,ğŸ“–,False
Entmootini,ğŸŒ³ğŸŒ²ğŸŒ³,False
Nethersound,ğŸ”Š,True
Logoshop,ğŸ’¡,False
Were-future,ğŸ‘½,False
Larpworld,ğŸ¤´ğŸ°ğŸ—¡ï¸,False
Weeabling,ğŸ¤”,True
Batrumlumio,ğŸ¦‡,True
Garnopan,ğŸ¤”,True
Yurei,ğŸ‘»,False
Cd-Rom,ğŸ’¿,False
Miku,ğŸ¤,False
Remix,ğŸ¶,False
Substick,ğŸ¥ª,False
Tour de Vape,ğŸš´â€â™‚ï¸,True
The Entmoot Of Music,ğŸµ,True
Bonds,ğŸ’,False
Blimsogre,ğŸ¤”,True
Fsm,ğŸ•,False
Bamire,ğŸ¤”,True
Hulamitea,ğŸ¤”,True
Virtue,ğŸŒˆ,False
Cursaleon,ğŸ¦,True
Seamiller,ğŸ¤”,True
Moware,ğŸ¤–,True
Marle,ğŸŒŒ,False
Baccarat,ğŸƒ,False
Mustaketini,ğŸ¸,True
Fanpo,ğŸ‰,False
Cultronverse,ğŸ¤–,True
Adios La Vida,ğŸ‘‹,True
Kroq-a-like,ğŸ¤˜,True
Abstinence,ğŸš«,False
Fanboi,ğŸ¤“,False
Delphino,ğŸ¬,False
Pretension,ğŸ’…,False
Cyber Mario Bros. 4,ğŸ®,True
Cyber-tiki Pinball,ğŸ•¹ï¸,True
Dos Dark Mario Bros.,ğŸ®,True
Cyber-cart Ridge Racer,ğŸï¸,True
Cyber Slap Kart 3d Vr Rpg,ğŸ®,True
Were-Kimchi Kart 6,ğŸ§Ÿâ€â™‚ï¸,True
Mario Kart Wow 3.0,ğŸ®,True
Cyber-kart Rpg,ğŸ®,True
Soda Mecha,ğŸ¥¤ğŸ¤–,False
Cyber Yakko Mario Kart 2 Vr,ğŸ®,True
Mario Kart Rpg,ğŸ„ğŸï¸ğŸ®,False
Cyber Mario Rpg Kart,ğŸ®,True
Cyber-mecha-mickey Kart Vr Party Galaxy X,ğŸ®,True
Cybermilk Mario Kart Tour,ğŸ®,True
Cybermilk Glow-mario Kart,ğŸ®,True
Hologram Mario Kart Rave,ğŸ®ğŸ•ºğŸ»,True
Cyberion Pixel,ğŸ‘¾,True
Cyber Tiki Mario Disco,ğŸ’ƒğŸ»,True
Cyberdice Ra Kart,ğŸ²,False
Mario Galaxy 6,ğŸŒŒ,False
Super Mario Bros. Movie 2: Cyber Gamera Sega,ğŸ®,True
Mario Kart Wow 2,ğŸï¸,True
Cyberjelly Pong,ğŸ•¹ï¸,True
Cyber Hula Tiki Mario,ğŸ¤–,True
Cybercan Hula Mario,ğŸ¤–,True
Cyber Mecha Mario Kart 3d World,ğŸ®,True
Cyberwar Kart Rpg World,ğŸ®,True
Bubble Kart Vr Cyberwar,ğŸ®,True
Mario Kart 7.0,ğŸï¸,True
Micro Cbtsunami,ğŸŒŠ,True
Super Astrovirus,ğŸ¦ ,False
Mario Kart: Super Circuit,ğŸï¸,False
Cyber Sega Mario Party Galaxy X,ğŸ®,True
Crayon Mickey Kart Wars,ğŸ–ï¸ğŸ­ğŸ,True
3d Hula-car Bros.,ğŸ•ºğŸš—ğŸ•º,True
Cyber-pig Goku,ğŸ·,True
Cyber Mario Galaxy 4 Riding Cyber Dixie Kong,ğŸ®,True
Cyber Lollipop Mario Kart Party,ğŸ®ğŸ­ğŸï¸,True
Cybercan Hulaquake,ğŸ¤–,True
Super Mario 3d World Maker,ğŸ„ğŸŒğŸ°,False
The Great Wall Of Cyber Jesus Kart 4,ğŸ®,True
Tiki Gamerchu,ğŸ—¿,True
Bubble Kart Raveboard,ğŸ›´,True
Super Mario 3d Palm,ğŸŒ´,True
Were-yakko,ğŸº,True
Cyberpharaoh Mickey,ğŸ¤–,True
Cyber-screenlama Mario Kart 8,ğŸ®,True
Pong Cupid Kart,ğŸ“ğŸ¹ğŸï¸,True
Cyber-kart Pong,ğŸ•¹ï¸,True
Super Mario Maker Shogi,ğŸ®,True
Cyberdorito Kart 3d Mecha Vr,ğŸ®,True
Cyber House Of Mario 3 U Rave,ğŸ®,True
Super Mario Odyssey Ds,ğŸ„ğŸ‘¨â€,False
Cyberbaby Mario Kart Galaxy Pinball,ğŸ®,True
Choo-mario Kart Tank,ğŸš—,True
Cyber-mario Kart Rave 2 Glow,ğŸ®,True
Captain Groot,ğŸŒ±,False
Mario Party Rpg,ğŸ®,False
Mario movie,ğŸ¬,False
Super Futurama Galaxy,ğŸš€,True
Mecha-mario Kart 2,ğŸ¤–ğŸï¸,True
Darth Marioquake 4.0,ğŸ•¹ï¸,True
Cybercorn Kart 4,ğŸ®,True
Cyberdada Kart Wars 9,ğŸ®,True
Super Mario 64 3d World 2,ğŸ®,False
Cyberdorito Odyssey,ğŸ®,True
Cyber Mario Party 5,ğŸ®,False
Cyberlama Kart 64,ğŸ®,True
Cyber Moesha 64,ğŸ®,True
Super Mario Kart Mecha Gamera,ğŸ®,True
Cyber-flash Moesha Kart,ğŸ®,True
Cyber-goofy-were-gizmo-tv,ğŸ¤–,True
Cyber Tiki Imp Gamera Kart 8 Deluxe,ğŸ®,True
Mecha-tiki Mario Kart Pikachu,ğŸ¤–ğŸ¹ğŸï¸,True
Crash Mecha Mariobot,ğŸ¤–,False
Mario Kart 8 Delux 3.0,ğŸ®,True
Super Mecha Mariobot,ğŸ¤–,True
Cyber-mario 64dd Galaxy Land 2,ğŸ®,True
Cyber-go-yo-star Zephyr,ğŸ¤–,True
Cybercaesar,ğŸ’»,False
Dr. Hackenstein,ğŸ§ªğŸ‘¨â€,False
Nintendo DS,ğŸ®,False
Cyberburger Mecha Yakko Punch,ğŸ”ğŸ¤–ğŸ’¥,True
Hula Gamera,ğŸ’ƒğŸ¢,False
Steam Kale,ğŸ¥¬,False
Cyber-goofygamera Ra Kart Ping,ğŸ¤–,True
Gargleplex Sega Kart Maker 360,ğŸ®,True
Tiki Cyberia,ğŸŒ´,False
Cyberdice Kart Ds,ğŸ®,True
Cyber Tiki Sodazoo,ğŸ¤–,True
Cyber Yakko Mario Pinball,ğŸ®,True
Cyber-mario Rpg U Soda,ğŸ®,True
Cyberdark Poker,ğŸƒ,True
Cyberdice Ra Kart 3d,ğŸ²,True
Cyber-flash Mario,ğŸ®,True
Super Tiki Kart 3d,ğŸï¸,True
Cybertea Pong 3d,ğŸ®,True
Bubble Kart Galaxy 2,ğŸ®,True
Mecha-mickey Kart Vr Of Warcraft,ğŸ¤–ğŸ­ğŸï¸,True
Bubble Kart 64 Vr,ğŸ®,True
Cyber-tiki-mario-kart 3d Vr Rice,ğŸ®,True
Cyber-goofygamera-tiki-mecha,ğŸ¤–,True
Mario Kart 8.0,ğŸï¸,True
Cyber Mario Kart Bros. Gizmo,ğŸ®,True
Gameboy Advance,ğŸ•¹ï¸,False
Cyber-dos Mickey,ğŸ­,True
Mario Kart 3d Galaxy Pixel,ğŸ®,True
Super Mario Kart Maker 7,ğŸï¸ğŸ®ğŸ,False
Cyber Jesus Mario Kart Glowplex,ğŸ®,True
Super Mario Mecha,ğŸ„ğŸ¤–,False
3d Mario Kart,ğŸï¸,False
Cyber Mario And Sonic Vr Dos,ğŸ®,True
Cyber Mecha Kong Mario,ğŸ¤–,True
Pumice Shooter 3d,ğŸ®,True
Bubble Kart 64 4,ğŸ®,True
Super Mecha-mario Kart,ğŸ¤–ğŸï¸,True
Great Wall Of Babi,ğŸ§±,True
Cyber Mario Kart 3 Vr,ğŸ®,True
Cyber-tiki Mario Kart 7 Gigantamax,ğŸ®,True
Super Mario Odyssey Vr Shogi,ğŸ®,True
Cyber-soda Mac-kart,ğŸ•¹ï¸,True
Mecha-mickey Kart Vr,ğŸ¤–ğŸ­ğŸï¸,True
Cyber Mario Party 5 Vr,ğŸ®,True
Cyberpharaoh Kart Wii U,ğŸ®,True
Cyber-tiki Kart 3d,ğŸ®,True
Cyber-mario Kart Wii PiÃ±a Pop,ğŸğŸï¸,True
Tv Shooter,ğŸ“ºğŸ”«,True
Cybermilk Glow Kart Pinball,ğŸ®,True
Cyberlo Pinball,ğŸ•¹ï¸,True
Yakko Mario Galaxy 6,ğŸ¤”,True
Cyberbatali Sega Vr,ğŸ®,True
Pixel Mario Vr,ğŸ•¹ï¸,True
Yakko Kart 2,ğŸ®,True
Cybercan Hula Mario Kart,ğŸ®,True
3D Pinball: Space Cadet,ğŸ®,True
Donkey Kong 3,ğŸµ,False
Cyber Mario Rpg Kart Galaxy 3d,ğŸ®,True
Cyber-goku Pinball Hula Mario,ğŸ¤–,True
Cyber-tiki-gizmo-cart-vr Pinball,ğŸ•¹ï¸,True
Choo-mario Land Vr,ğŸš‚ğŸ„,True
Dice Artist,ğŸ²,True
Cyber-car-faun-kart,ğŸš—,True
Hula Mario 5.0,ğŸ•º,True
Cyber Yakko Mario Rpg Kart Galaxy 3d Vr,ğŸ®,True
Mario Movie 5,ğŸ¥,True
Cyber-mario Kart Tour Dice U,ğŸ®,True
Cyber Sega Mario Kart 2,ğŸ®,True
Cyber Fire Mario Kart Zephyr,ğŸ”¥ğŸï¸ğŸŒ¬,True
Cyber-tiki Marioquake Kart Rave,ğŸ®,True
Cyberwood Tiki Kart,ğŸï¸,True
Cyber Pandagamera,ğŸ¼ğŸ¤–,True
Cyber Mario Party 3d Pinball,ğŸ®,True
Cyber-mario Pinball,ğŸ•¹ï¸,True
Micro Ammonite,ğŸš,True
Cyberwood Disco Party 3,ğŸ’ƒğŸ‰ğŸ¶,True
Cyber Rave 3d,ğŸ‰,True
Mario Kart 15,ğŸï¸ğŸ„ğŸ,False
Game Boy Advance 3d,ğŸ®,True
Cybermilk Mario Kart,ğŸ®,True
Cyber-dos Mickey Kart Odyssey,ğŸ®,True
Cyber Hula Tiki Kart 64,ğŸï¸,True
Cyber Jesus Mario Kart 7,ğŸ®,True
Cyber Tiki Gamera,ğŸ¤–,True
Cyber Mario Kart 3d Land 64,ğŸ®,True
Cyber-komodo Tiki Kong,ğŸ¦ğŸ¤–ğŸ—¿,True
Cyber Sodaypumice Mario Kart 3,ğŸ®,True
Genie Tiki Mario Kart 3d Galaxy,ğŸ§â€â™‚ï¸,True
Cyber Tiki Moai Glow Kart Pinball,ğŸ®,True
Cyber Gamera Kart Vr Mac,ğŸ®,True
Cyber-tiki-mario Kart 8,ğŸ®,True
Cyber Mario Moai 3d Land Vr,ğŸ®,True
Super Mario Kart 3d Galaxy 2,ğŸš—ğŸŒŒğŸ®,False
Cyber-yo 3d Galaxy Punch,ğŸ‘¾,True
Cyber-tiki Mario Party Sega,ğŸ®,True
Cyber Jesus Kart Wii,ğŸ®,True
Hula Mariobot,ğŸ’ƒ,True
Cyber Tiki Ra Kart,ğŸ¤–,True
Cyber Jesus Mickey Kart Wii 3.0,ğŸ®,True
Cyber Tiki Kart 8 Delux 3.0,ğŸ®,True
Cyberalien Pikachu,ğŸ‘¾,True
Android Mario Kart,ğŸ®,True
Cyber Mecha Kong Mario Kart Rave,ğŸ¤–ğŸ¦ğŸï¸,True
Cyberstorm 3d Pinball Kush,ğŸ•¹ï¸,True
Cyber Mario Galaxy Kart 3d,ğŸ®,True
Genie Tiki Mario Bros. X,ğŸ§â€â™‚ï¸,True
Game Boy Color Mario,ğŸ®,True
Cyberpuff Kart Rice,ğŸš,True
Pong Kart Rave 3,ğŸ®,True
Cyber Gamera Kart 2,ğŸ®,True
Cyber Jesus Mario Kart Arcade Pong,ğŸ®,True
Elmo Mario Kart 8,ğŸ®,False
Cyberalien Mario Odyssey Vr,ğŸ‘¾ğŸ‘½ğŸ®,True
Super Mario Kart 3d Vr,ğŸ®,True
Gamera 3000,ğŸ¢ğŸš€,False
Crashlight Cyberai,ğŸ¤–,True
Cyber Gamera Jesus Mario Kart,ğŸ®,True
Darth Mario Kart 8 3d Pixel Galaxy,ğŸ®,True
Cyber-mario Kart Wii 3.0,ğŸ®,True
Cyber-doslama Mario Kart 2,ğŸ®,True
Wii U Santa,ğŸ…ğŸ¼ğŸ®,False
Goku Mario Kart,ğŸš€ğŸ„ğŸï¸,False
Cyberbear Mario Kart Glow,ğŸ®,True
Cyber-doslama Mario Kart 2: Cyber Donkey Kong Poker,ğŸ®,True
Mecha-Komodo,ğŸ¤–,False
Super Mario 64 Kart 3d,ğŸ®,True
Cyberlama Gamera,ğŸ¤–,True
Cyber Gamera Ra Kart 5 Goggle,ğŸ¤–,True
Cyber Mario Bros. Mecha,ğŸ¤–,True
Dr. Hula Mario,ğŸ¤”,True
Cyber Elmo Kart 6 Rave,ğŸ®,True
Super Mario Kart Wii U,ğŸ®ğŸï¸,False
Cyberalien Kart 3d Galaxy Pixel,ğŸ‘¾ğŸï¸ğŸŒŒ,True
Darth Mario Kart,ğŸï¸,False
Cyber Mecha-mickey Kart Galaxy,ğŸ¤–ğŸï¸ğŸŒŒ,True
Cyber-dos Mario Kart Mecha,ğŸ®ğŸ¤–,True
Mario Bros. 3d Land,ğŸ®,False
Cyberpunk Dorito Kart,ğŸ®,True
Cyber-kart Vr,ğŸ®,True
Cyber Gamera Kart 3d,ğŸ®,True
Cyberstone Mario Bros. Kart,ğŸ®,True
Cyberbatali Kart,ğŸ®,True
Super Mario 64 Maker 3.0,ğŸ®,True
Cyber-flash Mario Kart,ğŸ®,True
Cyberlo Mario Kart Galaxy,ğŸ®,True
Astro Pong,ğŸ‘¾,False
Cyber Mecha-mickey Kart 3d,ğŸ¤–ğŸï¸,True
Cybercat Disco Dart 3d Galaxy,ğŸ•¹ï¸,True
Kimchi Kart Galaxy,ğŸğŸŒŒ,True
Gizmo Kart,ğŸï¸,True
Kimchi Kart U,ğŸï¸,True
Mecha Mario Kart 2,ğŸ¤–ğŸï¸,True
Cyber Car Pool Skatebot Prime 3d Pinball,ğŸ¤–,True
Cyberdrive Tiki Kart 7,ğŸï¸,True
Steam Mecha Komodo Kart,ğŸ¦ğŸï¸,True
Cyber-tiki Mario Kart 3d,ğŸ®,True
Cyber-tiki Kart Wars 5,ğŸï¸,True
Optimus Mickey,ğŸ­,False
Cyber Jesus Pong PiÃ±a Pop,ğŸ•¹ï¸,True
Cyber-go-kart-mecha-tiki-computer,ğŸ¤–,True
Mecha-tiki-gizmo-cart-Marioquakezilla,ğŸ¤–ğŸ—¿ğŸ”§,True
Cyberlo Arcade 2,ğŸ•¹ï¸,True
Mario Kart Arcade Gp Dx Cyberia,ğŸ®,True
Ipaduck 3d Land,ğŸ¦†,True
Cyber Mecha Hula Cupid Kart Wars Wii U,ğŸ®,True
Dice-bot Vr,ğŸ²,True
Cybermario Kart 3d Wii U Pixel,ğŸ®,True
Cyber-frank's Flash Games on the Game Boy Advance,ğŸ®,True
Super Mecha Mario Galaxy,ğŸ¤–ğŸ„ğŸŒŒ,False
Mario Kart Dos: The Movie 2,ğŸ®,True
Cybersepticeye Mario Party 2,ğŸ®,True
Cyber-soda Mac-kart 4.0,ğŸ®,True
Cyber Gamera Ra Kart Sega 3d,ğŸ®,True
Cyberdorito Rpg 3: Mario Party 2,ğŸ®,True
Cyberlama Kart 7,ğŸ®,True
Cyber-tiki-mariobot,ğŸ¤–,True
Cyberbear Games Vr Mario Kart Tank,ğŸ®,True
The Video Game Industry,ğŸ®,False
Cyber-Gamera-Komodo Vader Kart 3d Vr,ğŸ®,True
Cyber Tiki Kart Vr,ğŸï¸,True
Cyber Gamera Ra Kart Vr Dice Pong Kart Rave,ğŸ®,True
Sonic The Hedgehog,ğŸ¹,False
Cyber Lollipop Mecha Kart Wii,ğŸ®,True
Cyber-mickeyworm Macaron,ğŸ­,True
Cyberbatali Sega Rice,ğŸ®,True
Wii-mote Sashimi,ğŸ£,True
Cyber Mario Bros. Mecha Nemo,ğŸ®,True
Cyber Skate Mario Kart,ğŸ®,True
Cyber-flash Moesha Kart 3d,ğŸ®,True
Cyberbunny Cupid,ğŸ°ğŸ’˜,True
Ping Pong Paddle,ğŸ“,False
Cyber-gamera-ra-kart-sega,ğŸ®,True
Cyberwood Mario Rpg,ğŸ®,True
Cybercan Hula Mario 3d Movie,ğŸ®,True
Cyber-komodo Mario Kart,ğŸ®,True
Super Mario Party 7,ğŸ®ğŸ‰ï¸,False
Super Mario 64 Slap,ğŸ‘‹,True
Cyberchoo-mario Kart Wii U,ğŸ®,True
Cyber Fire Tiki Mario,ğŸ”¥ğŸ—¿ğŸ”¥,True
1000000000000000000,ğŸ’¸,False
Cyber-komodo Raveboard,ğŸ¦,True
Cyberdark Gizmo Sega,ğŸ¤–,True
Cyber Mario Kart Wars 3d Vr Dice,ğŸ®,True
Cyber-doslama Bros. Galaxy,ğŸ®,True
Darth Cyberbear Marioquake 3,ğŸ®,True
Cyber Tiki Imp Gamera Kart Vr Mickey Car,ğŸ®,True
Cybermilk Tiki,ğŸ¹,True
Dr. Wii U Mac Sega Lemur,ğŸ®,True
Cyberdada Kart Dicebot,ğŸ¤–,True
Cyberdice Kart 3: Mecha Mariobot Of Warcraft,ğŸ®,True
Cyber Disco Mario 3d World,ğŸ®,True
Cray-kart Vr,ğŸ®,True
Cyberbunny Mario Kart 2,ğŸ®,True
Cyberlo Arcade 3,ğŸ•¹ï¸,True
Cyberlo Tiki,ğŸ¹,True
Cyber-cart Sega Nemo Vr Soday,ğŸ®,True
Cyber-mario Kart 8 Deluxe,ğŸ®,False
Hula Mario 6.0,ğŸ•º,False
Cyber Mario Kart Odyssey Arcade,ğŸ®,True
Cybermilk Soda 3d Land,ğŸ¥¤,True
Cyberbear Marioquake 3 Rpg,ğŸ®,True
Cyber Gogratom Shogi,ğŸ¤–,True
Cyberdada Kart Ds,ğŸ®,True
Moesha Kart Party,ğŸ‰,True
Mecha-mario Kart 7,ğŸ¤–ğŸï¸,True
Cyber-gizmo Kart Rpg,ğŸ®,True
Captain Cyber Mario Mecha,ğŸ¤–,True
Mario Kart 3d Vr Jesus,ğŸ®,True
Cyberdrive Mario Kart Mecha 64 Gizmo Bros.,ğŸ®,True
Cyberlo Cart,ğŸ›’,True
Dr. Wii U Glowboy,ğŸ®,True
Cyberlo Mario Galaxy Kart Pong,ğŸ®,True
Dr. Wario,ğŸ§ªğŸ‘¨â€,False
Cyber-tiki Marioquake 2,ğŸ®,True
Super Mario Kart-mecha Gamera Bros.,ğŸ®,True
Cyber-komodo Mario Kart Rave,ğŸ®ğŸ¦ğŸï¸,True
Cyber Mario Rpg Kart Rave,ğŸ®,True
Cyber Mario Party Galaxy Pinball,ğŸ®,True
Cybercan Hula Macmo Gamer,ğŸ®,True
Cybercake Tiki Imp,ğŸ°,True
Cyber-goofygamera-tiki-mecha-tiki-mecha,ğŸ¤–,True
Cyberalien Mario Kart Rpg World,ğŸ‘¾ğŸ‘½ğŸï¸,True
Mac-mario,ğŸ”ğŸ„,True
Bubble Kart 64 5,ğŸ®,True
Cyberdorito Kart Theater VR,ğŸ®,True
Cybersepticeye Hula Cupid Kart,ğŸ¤–,True
Cyber Elmo Kart 7 Venom,ğŸ®,True
Cyber Jacksepticeye Cylon Wii U,ğŸ®,True
Sega Nintendo,ğŸ®,False
Cyber-golem Mario Bros. 3,ğŸ®,True
Cyber Mario Kart-mecha Yakko Shogi,ğŸ®,True
Mario Kart 64 Party,ğŸ®,False
Cyberpop Tiki Mario 64dd Galaxy 2,ğŸ®,True
Tiki-games,ğŸ—¿,False
Cyber-tiki Mario 3d Pinball,ğŸ®,True
Super Mario Kart Odyssey 3d Portal,ğŸ®,True
Cyber Flashyogi Gamera Kart-mecha,ğŸ¤–,True
Mario Kart 8 Flash,ğŸ®,False
Cyber Mario Pinball Kart Wii U,ğŸ®,True
Cyber Elmo Kart 5: Cyber-cart Sega Nemo,ğŸ®,True
Cyber-mote,ğŸ’»,True
Cyber Gamera Ra Kart Sega Wii Pixel Mario Galaxy,ğŸ®,True
Cyber Shell Mario Kart 4.0,ğŸ®,True
Playstation 5,ğŸ®,False
Mario Kart 10.0,ğŸ®,True
Gamera 30000,ğŸ¢,False
Cyber-komodo Kart 3.0,ğŸ®,True
Cyber Gamera Ra Kart Sega Hula-mario Odyssey Vr,ğŸ®,True
Cyberobama Mario Rpg Galaxy,ğŸ®,True
Cyberdrive Poker 64,ğŸƒ,True
Cyberdorito Kart Rpg 3d Land,ğŸ®,True
Super Mario 3d Pixel Galaxy,ğŸ®,True
Mario Kart 3d Land Vr Inquisition,ğŸ®,True
Cyber Mecha-mickey Kart Arcade Tiki,ğŸ¤–ğŸï¸ğŸ—¿,True
Wii-mote Ra Kart,ğŸ®,True
Cyberalien Tiki Kart,ğŸ‘¾ğŸ—¿ğŸï¸,True
Cyber-mecha-mickey Mario Moai 3d Land Vr Kart,ğŸ¤–ğŸ®ğŸï¸,True
Cyberlily Kimchi Kart Wii,ğŸ®,True
3d Mario Bros. Land,ğŸ®,True
Wii-mote Mario Galaxy 3.0,ğŸ®,True
Shigeru Miyamoto,ğŸ®,False
Cyberpharaoh Kart 3d,ğŸ®,True
Arcade Wii U,ğŸ®,False
Cyberalien Mario Kart 7,ğŸ‘¾ğŸ‘½ğŸ®,True
Cyber-car-faun-gamera-mario-kart,ğŸš—ğŸ¦ŒğŸ¢,True
Cyberlo Mario Odyssey Vr,ğŸ®,True
Mario Kart Wow 3.0 Shogi,ğŸ®,True
Super Mario Kart Ds Galaxy,ğŸ®,True
The Gamer Chip 3,ğŸ®,True
Cyber Mario Kart 2 Mecha,ğŸ®,True
Mecha Mario Galaxy 6,ğŸ¤–ğŸŒŒï¸,True
Chessicron-mecha Gamera Raquake,ğŸ¤–,True
Cyber Macmoquake,ğŸ¤–,True
Cyberpharaoh Kart Movie,ğŸ®ğŸ¤–ğŸï¸,True
Cyber Mario Kart 4.0 Vr,ğŸ®,True
Cyber Gamera Kart Wii,ğŸ®,True
Cyberdada Kart Wars Tiki,ğŸ®,True
Cyber Tiki Disco Mario Galaxy Kart Pong,ğŸ®,True
Android RosÃ©,ğŸ¤–ğŸŒ¹,True
Cyberbots,ğŸ¤–,False
Cyber Calamari Kart Flash,ğŸ®,True
Cyberdino-mickey Macmo,ğŸ¦–ğŸ­,True
Mario Kart Glow,ğŸï¸,True
Cyber-goku Disco Mario,ğŸ¤–,True
Super Mario RPG: Legend of the Seven Stars,ğŸ„â­ï¸ğŸ—¡ï¸,False
Cyberia Pinball,ğŸ•¹ï¸,True
Cyberalien Mario Kart 10.0,ğŸ‘¾ğŸ‘½ğŸï¸,True
Cyber-Elmo-Mario Kart,ğŸ®,True
Cyber Hula Cylon Mario Kart 3 Mecha,ğŸ¤–ğŸŒºğŸï¸,True
Cyberloo Kart 8,ğŸš½ğŸï¸,True
Tiki Pinball,ğŸ—¿ğŸ®,False
Cyberlo Arcade 4,ğŸ•¹ï¸,True
Shell Mario Kart Wow 3.0,ğŸ¢ğŸï¸ğŸŒŸ,True
Super Mario Odyssey Z,ğŸ„â­ï¸ğŸ”‘,False
Cyberdice Mario,ğŸ²,True
Super Mario Kart Ds Galaxy Rave,ğŸ®,True
Cyber-goku Mariobot,ğŸ¤–,True
Game Developer 3d,ğŸ®,True
Cyber-yo 3d World 3,ğŸ®,True
Mecha-Sashimi-Kart-Yakko-Gamera,ğŸ¤–ğŸ£ğŸï¸,True
Mecha-mickey Kart 3d World,ğŸ¤–ğŸ­ğŸï¸,True
Cybermoai Kart Wii,ğŸ®,False
Mecha Mario Kart Gamera Tikibabi,ğŸ¤–ğŸï¸ğŸ¢,True
Cyber Gamera Ra Kart Vr Dice Hula Gizmo,ğŸ®,True
Cyber Mario Party Kart,ğŸ®,True
Super Mario Bros. Z: The Cybernetic Outbreak,ğŸ®,True
Cyberlo Odyssey,ğŸš€,True
Cyber-golem Mario Kart 7,ğŸ®,True
Cyberwitch Kart Galaxy,ğŸ®,True
Cylonboy,ğŸ¤–,True
Cyberpunk Tiki Kart 3d Vr,ğŸ®,True
Mecha Macaron 3,ğŸ¤–,True
Cyberdolphin Ra Kart 64,ğŸ¬,True
Cyberdark Mario Kart 8,ğŸ®,False
Mario Kart 3d Vr Pinball Land,ğŸ®,True
Cyber Tiki Ra Kart 64,ğŸ®,True
Cyber Gamera Ra Kart 3d,ğŸ®,True
Mario Kart Party 2.0,ğŸ®,False
Cyber Mario Kart 3: The Movie,ğŸ®,True
Cyberdino-mickey Tiki Kart 64,ğŸ¦–ğŸ­ğŸ—¿,True
Cyber-gizmo Kart Rpg 3d,ğŸ®,True
Cyber Santa Mario Kart Rpg 7.0,ğŸ…ğŸï¸ğŸ®,True
Cyberdrive Jesus,ğŸ¤–,True
Cybercan Hula Galileomalaria,ğŸ¤–,True
Cyber Tiki Pinball,ğŸ•¹ï¸,True
Cyber-tiki Jack,ğŸ¤–,True
Cyber-dos Kong,ğŸ¦,True
Pixar Mario Kart 3d World,ğŸ®,True
Cyber Santa Faun Kart 64,ğŸ…ğŸ¼ğŸ¦Œ,True
Cyber Moesha Kart R,ğŸ®,True
Cyberdorito Kart Theater Pinball,ğŸ®,True
Mario Kart 3d Vr Pinball,ğŸ®,True
Wii U Hula Girl,ğŸ•º,True
Cyber-mickey 7,ğŸ¤–,True
Cyber-tiki-mickey,ğŸ¤–ğŸ—¿ğŸ­,True
Cyber Shell Mario Kart Wii U,ğŸ®,True
Mecha Hula Disco,ğŸ¤–ğŸ’ƒğŸ•º,True
Cyberlo Mario Pinball Hula Kart Galaxy Pong,ğŸ®,True
Hula Mario Movie 5,ğŸ¤”,True
Hula Mario Kart 64,ğŸŒºğŸï¸,True
Captain Hula Mario,ğŸ•º,False
Cyber Luigi Kart-mecha,ğŸ•¹ï¸ğŸ‘¾,True
Mario Party DS,ğŸ²,False
Super Mario Kart 64 Party 2,ğŸ®,True
Cyber Gamera Ra Kart 4,ğŸ®,True
7.0,ï¸âƒ£.,False
Cyber Yakko Mario Kart-mecha Pong,ğŸ®,True
Gargleplex Sega Wii 360,ğŸ®,True
Crashmo Kart Ds,ğŸ®,True
Cyber Dr. Wii U Glowplex Melee Vr,ğŸ®,True
Cyberdada Gamera Kart 3d Galaxy,ğŸ®,True
Moesha Kart R,ğŸ®,True
Cyber-yo 3d World Vr,ğŸ®,True
Cyberdrive Mario Kart Mecha Hula Tiki,ğŸ®,True
Cyber-komodo Mario Vr,ğŸ®,True
Cyberbaby Mario Kart Galaxy 3.0,ğŸ®,True
Cybersepticeye Mario Party 6,ğŸ®,True
Cyberia Rpg 3d World,ğŸ®,True
Android Mario Kart 5,ğŸ®,True
Sega Saturn Imp,ğŸ®,True
Cyberpaddy Cray-kart,ğŸ¤–,True
Cyber Mario Galaxy Vr,ğŸ®,True
Hula Dorito,ğŸ’ƒ,False
Cyber Santa Tiki Mario Kart 3d,ğŸ…ğŸğŸ,True
Cyberai Yakko Mario Kart Rave,ğŸ®,True
Cyber-were-gizmo-cart-dorito Macaron,ğŸ¤–ğŸ”ğŸ›’,True
Mario Kart Party 2.0: The Movie,ğŸ®,True
Super Mario Bros. 3D World,ğŸ±,False
Cyber-komodo Kart 3d,ğŸ®,True
Skate Imp,ğŸ›¹,False
Mecha Jesus Mario Kart 3d,ğŸ¤–ğŸ™ğŸï¸,True
Pixar Mariobot,ğŸ¤–,True
Super Cyberpoo Kart 3d,ğŸ®,True
Cyber-tiki-baby-mario-kart-pop-tiki-,ğŸ¤–ğŸŒºğŸ‘¶,True
Cyber Sega Mario Hula Tiki Kart 64,ğŸ®,True
Super Mario Bros. Mecha,ğŸ•¹ï¸,True
Cyberbunny Poker,ğŸƒ,True
Cyberloo Kart 2,ğŸš½ğŸï¸,True
Cyber Mario Kart 4,ğŸ®,True
Mario Kart 3d Party Land,ğŸ®,True
Cyber Mario Kart Rpg Sega,ğŸ®,True
Cyber-komodo Marioquake 3,ğŸ®,True
Cyber Mario Bros. 3.0,ğŸ•¹ï¸,True
Mecha-tiki Mario,ğŸ¤–,True
Vr Hula Disco Kart,ğŸ•¶ï¸,True
Cyber Lana Kart Rpg 2,ğŸ®,True
Super Cyberlo Arcade 4,ğŸ®,True
Astro Mac Sega,ğŸš€,True
Cyber Mario Kart Galaxy,ğŸš€ğŸï¸ğŸŒŒ,False
Cyber Glowraygun King Rpg,ğŸ‘¾,True
Cyber-goku Mario Kart 2,ğŸ®,True
Cyber Tiki Kong 5.0,ğŸ¤–,True
Cyber Mario Rpg Sega Sodazoo Galaxy,ğŸ®,True
Super Mario Maker 2 Kart,ğŸ®,False
Cyber-tiki Mario Kart Wii,ğŸ®,True
GBA Consolizer,ğŸ®,True
Cyber-yo 3d World for Sega Saturn,ğŸ®,True
Cyberpunk Dorito Kart Gizmo,ğŸ•¹ï¸,True
Cyberdada Kart Wars 8,ğŸ®,True
Cyberlight Gizmo Kart,ğŸ•¹ï¸,True
Cyberpuff Kart 7,ğŸ®,True
Mecha-Gamera,ğŸ¤–ğŸ¢,False
Mecha Kimchi Kart Ds,ğŸ•¹ï¸,True
Cyberdorito Mario Kart 7,ğŸ®,True
Cyber Mecha Mario Kart Rave 3,ğŸ®,True
Cyber-tiki Mario And sonic Vr,ğŸ®,True
Cyber Tiki Kart Vr Gamera,ğŸ®,True
Mario Kart 9,ğŸï¸,False
Gamerbot,ğŸ¤–,False
Baby Mario Kart 64,ğŸš—ğŸ‘¶ğŸ¼,False
Steampunk Mario Kart 64dd,ğŸ•°ï¸ğŸï¸,True
Cyberdorito Tiki Kart,ğŸ®,True
Cyberalien Kart 3,ğŸ‘¾ğŸï¸,True
Cyberbaby Kart Vr Glowplex,ğŸ®,True
Cyberdust Tiki Wii U,ğŸ®,True
Mario Kart Rave Glow,ğŸ‰,True
Mecha Mario Kart Gamera 3.0,ğŸ¤–ğŸï¸ğŸ¢,True
Wii U Vr Hula Disco Kart Arcade,ğŸ®,True
Cyberlama Mario Kart,ğŸ®,True
Mario Kart 3DS,ğŸ®,False
Flip Chip 3d Deluxe,ğŸ®,True
Cyberpaddy Kart 64,ğŸ®,True
Yakko Mario 64dd,ğŸ®,True
Cyber Gogratomunculus Poker,ğŸ¤–,True
Cyber Mario Pinball Kart Wii U Spy,ğŸ®,True
Cyberdrive Marioquake Galaxy,ğŸ®,True
Google Kart 2,ğŸï¸,False
Bubble Kart 64 Color 3d,ğŸ®,True
Cyber Crayonami Galaxy Party Kart,ğŸ®,True
The best game ever,ğŸ®,False
Cyberdorito Kart Rpg 3d Land Pinball,ğŸ®,True
Mario Kart 64 Vr,ğŸ®ğŸï¸ğŸŒŸ,False
Cyber-mario Rpg U Kart 64,ğŸ®,True
Cyber Hula Kart Vr Jesus,ğŸ¤–,True
Ammonite Cyberbear Mario Kart,ğŸ®,True
Super Mario Bros. 3.0 Odyssey,ğŸ®,True
Yakko Mario Segasonic,ğŸ®,True
Cyberdino Pikachu,ğŸ¦–,False
Super Arcade Mouse,ğŸ•¹ï¸,True
Cyberlo Mario Kart,ğŸ®,True
Mecha-gamera,ğŸ¤–ğŸ¢,False
Cyber Mario Party 2: Cyberstone Mario Bros. Kart,ğŸ®,True
Super Mecha-mickey Kart Maker,ğŸ¤–ğŸ­ğŸï¸,True
Hula Mario Gamera,ğŸ•ºğŸ®ğŸ¢,True
Pixel Gamera,ğŸ®,False
Cyber-mario Pinball 64,ğŸ®,True
Cybermoai Kart Wii Vr,ğŸ®,True
Cyber Sonic Melee Vr Kart,ğŸ®,True
Cybercan Hula Mario Kart 10.0,ğŸ®,True
Super Mario Kart Rave Mecha Bros.,ğŸ®,True
Super Mario Odyssey 2: The Mecha Mario Kart Gamera 3.0,ğŸ®,True
Cyber Mario Kart Vr Dos,ğŸ®,True
Cyberbunny Mario Kart Rpg 7.0,ğŸ®,True
Cyber Luigi Go-kart Wii Dos,ğŸ•¹ï¸,True
Cyber Mario Kart Galaxy Rpg,ğŸ®,True
Super Tikigame Bros. Vr,ğŸ®,True
Cyber-goofygamera Mecha 3.0,ğŸ¤–,True
Cyber Mac Sega Nemo Puck Rpg Mario Kart,ğŸ®,True
Cybermoai 3DS,ğŸ¤–,True
Super Mecha-mickey Kart Vaderchu,ğŸ¤–ğŸ­ğŸï¸,True
Android Slap World Kart 2,ğŸ®,True
Bubble Kart 8,ğŸ®,False
Super Gamera Bros. U,ğŸ®,True
Cyber Tiki Mario Kart Wii,ğŸ®,True
Mecha Komodo Mario Kart 7,ğŸ¦ğŸï¸,True
Super Chipzilla Bros. U,ğŸ®,True
Mario Kart 3d Pixel Galaxy Ds,ğŸ®,True
Cyber-go-bama Marioquakezilla,ğŸ®,True
Cyber Gamera Kart Wii 3,ğŸ®,True
Super Cyberdada Kart Wars Bros.,ğŸ®,True
Cyberlily Kimchi Kart 6,ğŸ®,True
Cyber Gamera Pc,ğŸ’»,True
Cyber Mecha-mickey Kart Arcade 2,ğŸ®,True
Cyber-goofygamera Ra Kart Ping 64,ğŸ¤–,True
Marioquake 2 U,ğŸ®,True
Mario-artist,ğŸ¨,True
Astrovan Kart Wii U,ğŸš€ğŸï¸,True
Couchyogi Kart Vr,ğŸ®,True
Mario movie 6,ğŸ¬,True
Cyberbunny Kart Wars 2,ğŸ®,True
Cyberai Mario Kart Wars Wii,ğŸ®,True
Cyberdorito Pinball: The Video Game Industry,ğŸ•¹ï¸,True
Mario Kart Rave,ğŸ‰ğŸï¸ğŸ•º,False
Mecha Kimchi Mario Kart 7,ğŸ¤–ğŸœğŸï¸,True
Steampunk Mario Kart 8,ğŸš‚ğŸï¸,False
Shelley Mariobot,ğŸ¤–,True
Super Mario Kart 3d Pinball Maker,ğŸ®,True
Cyber-mario Jelly Pinball,ğŸ•¹ï¸,True
Cyberhula Mickey,ğŸ¤–,True
Wii U Glowboy,ğŸ®,True
Cyber Mario Odyssey Vr Pong Kart Mecha,ğŸ®,True
Cyber-komodo Kart 64 Vr,ğŸ®,True
Cyber Calamari Kart Flash 3d,ğŸ¦‘,True
Gamecube,ğŸ®,False
Cyber-screenlama Macmo Kart,ğŸ®,True
Cyber Gamera Ra Sega Juice Kart,ğŸ®,True
Cyber Mecha Kimchi Kart 3d,ğŸ¤–ğŸœğŸï¸,True
Astro Ra Kart 2 Mecha,ğŸ¤–,True
Cyber-baby-go-kart,ğŸ¤–ğŸ‘¶ğŸï¸,True
Wii U Tiki Cyberstool,ğŸ®,True
Cybercake Mario Kart 3d Galaxy,ğŸ‚ğŸ®ğŸŒŒ,True
Cyber Moesha Rave,ğŸ’»ğŸ‰,True
Cyberai Mecha-mickey Kart 8,ğŸ®,True
Mecha Gamera Kart,ğŸ¤–ğŸ¢ğŸï¸,True
Cyber Mario Galaxy 5.0,ğŸ®,True
Cyber Dr. Wii U Mecha Mario Kart Wii Vr,ğŸ®,True
Cyberalien Kart Odyssey,ğŸ‘¾ğŸï¸ğŸŒŒ,True
Cyberlight Gizmo Kart Genesis,ğŸ®,True
Cyber Jesus Mario Kart Arcade 3d Land 64,ğŸ®,True
Cyberdark Mario Rpg Color,ğŸ®,True
Cyber-flash Mario Galaxy 3d,ğŸ®,True
Darth Elmoquake,ğŸ¤–,True
Super Mario Maker Vr 2,ğŸ®,False
Cyberdorito Macaron 4,ğŸ¤–,True
Cyber Gogratom Disco Kart Vr,ğŸ•¹ï¸,True
Cybercake Mario Kart Mecha Mariobot,ğŸ‚ğŸï¸ğŸ¤–,True
Cyber-komodo Mario Kart 2 Raveboard,ğŸ®,True
Cyber Shell Mario Kart 7,ğŸ®,True
Cyber Tiki Mekarito,ğŸ¤–,True
Sodalama Kart 64,ğŸ®,True
Micro Tikipop,ğŸ®,True
Mario Kart Party 3.0,ğŸ®,True
Cyber Moesha Kart Galaxy,ğŸ®,True
Cyberdark Shell Mario,ğŸ¢,True
Cyber-mario Kart 2 Pinball,ğŸ®,True
Cyber-car-faun-juice-couch-game-show,ğŸ®,True
Cyber Mario Kart Wii 3.0,ğŸ®,True
Super Mario Kart Galaxy,ğŸŒŒ,False
Cyber Pong Kart Rpg Pinball,ğŸ®,True
Cyber-tiki-mario Kart Wii 3.0,ğŸ®,True
Cyber Pixar Kart Rave,ğŸ®,True
Cybermario Galaxy 3d,ğŸ®,True
Cyberdrive Mario Kart Galaxy,ğŸ®,False
Hula Shell,ğŸ’ƒğŸš,False
Cyberdorito Macaron 7.1,ğŸ’»ğŸ§€,True
Cyber-screenlama Moesha,ğŸ¦™,True
Cyberalien Sega Mario Kart,ğŸ‘¾ğŸ®ğŸï¸,True
Cyber-flash Ra Kart Genesis,ğŸ®,True
Cyber Tikipad Tsunami PiÃ±a Pop Gamera Kart 64,ğŸ,True
Crashmo Kart 4.0,ğŸ®,True
Cybermilk Yakko Mario 64dd,ğŸ•¹ï¸,True
Cyber Mario Galaxy Pro 3,ğŸ®,True
Cyber-mario Kart Wii Paint Ping,ğŸ®,True
Darth Mecha Mario Galaxy 3d,ğŸ¤–ğŸŒŒğŸ®,True
Cyber Mecha-mickey Kart Arcade 3,ğŸ®,True
Cybercan Hula Pinball,ğŸ•¹ï¸,True
Super Mario Kart Maker 8,ğŸï¸ğŸ®ğŸ,False
Super Mario Kart 7,ğŸï¸,False
Cyber-tiki Mario Kart Wii 3.0,ğŸ®,True
Dr. Wii U Mecha Mario,ğŸ¤–,True
3d Pinball: Mickey's Cyber-dos Odyssey,ğŸ®,True
Super Mario Kart Bros. Gizmo 3d,ğŸ®,True
Flash Mario,ğŸ„ğŸƒâ€â™‚,False
3d,ğŸ†,False
Cyber-zephyr,ğŸ’»ğŸŒ¬ï¸,True
Cyber Empire Mario Kart Tour,ğŸ®,True
Cyber Mario Slap 4 Vr,ğŸ®,True
Marioquake 64,ğŸ®,False
Super Chipcopter,ğŸš,True
Cyberdrive Mario Kart 8 Deluxe Vr,ğŸ®,True
Cyber-llama Kart 3d World Galaxy,ğŸ®,True
Cyber-komodo Mario Kart Ds,ğŸ®,True
Cyberion Kart Rave,ğŸ®,True
Cyber Mario Kart Wii U,ğŸ®,True
Cyberwood Tiki Kart Wii,ğŸï¸,True
Cybermoai Kart 7,ğŸ®,True
Cyber-golem Mario Bros. 3d,ğŸ®,True
Cyber-komodo Santa Mario Kart Rave,ğŸ…ğŸ¼ğŸ®,True
Cyberai Mario Kart Wii,ğŸ®,True
Cyberdorito Gizmo Kart,ğŸ®,True
Super Mario Maker Shogi 5,ğŸ®,True
Wii U Games,ğŸ®,False
Cyberlily Moai,ğŸ¤–,True
Cyberobama Mahjong 3d Land,ğŸ®,True
Arcade Vr,ğŸ•¹ï¸,False
Cyber Gamera Tikibabi Hula Disco Kart,ğŸ¤–,True
Cybercan Hula Mario Kart 6,ğŸ®,True
Astrovan Kart 2.0,ğŸš€,True
Super Mecha-mario Kart 3d Wow,ğŸ®,True
Cyber Sake Kart-mecha Gamer Chip,ğŸ®,True
Mecha-Mario Kart Wii,ğŸ¤–ğŸï¸,True
Cyberdark Shell Mario Kart,ğŸ®,True
Cyber Kong Kart 8,ğŸ®,True
Cyber-mario Galaxy Pro Tsunami,ğŸ®,True
Cyberalien PiÃ±a Pop Kart,ğŸ‘¾ğŸğŸ­,True
Cyberwar Kart 64,ğŸ®,False
Cyber Fire Tiki Mario Kart 3d,ğŸ”¥ğŸŒ´ğŸï¸,True
Cyberbear Mario Kart 7,ğŸ®,True
Cyber-mario Rpg PiÃ±a Pop,ğŸ,True
Cyber Tiki Mario Kart Movie,ğŸ®ğŸŒ´ğŸï¸,True
Cyberwood Pong Kart Rpg,ğŸ®,True
Cyber-doslama Kart 3D Galaxy Pixel,ğŸ›¡ï¸,True
Vr Gamera,ğŸ¢,True
Cyberlo Mario Pinball,ğŸ®,True
Cyber Disco Yakko Mario Kart 2,ğŸ®,True
Puckar,ğŸ’,False
Cyber Gamera Kart Wii 3 Vr,ğŸ®,True
Cyberbear Mario Kart 3,ğŸ®,True
Playstation Vr,ğŸ®ğŸ‘“,False
Pixel Kart Racer,ğŸš—ğŸ®,False
Darth Marioquake 3d Mecha,ğŸ•¹ï¸,True
Cyber Mario Kart 2 Mecha Yakko,ğŸ®,True
Cyber House Of Mario Kart 6,ğŸ®,True
Cyberdark Mario Rpg Color Kart Galaxy,ğŸ®,True
Cyber Pong Kart Mecha Tiki Bear Pinball,ğŸ®,True
Cyber Mecha-mickey Kart Arcade Galaxy,ğŸ•¹ï¸,True
Dr. Mickey,ğŸ­âš•ï¸,False
Cyber Santa Faun Kart Vr,ğŸ…ğŸ¦ŒğŸï¸,True
Cyber-tiki-mario Kart Rave 3d,ğŸ®,True
Cybertea Kart Racer,ğŸï¸,True
Cyber Pong Kart 64 Disco,ğŸ®,True
Cylon Mario Gamera,ğŸ¤–ğŸ„ğŸ¢,True
Cyber Gosei Mario Galaxy Kart Wars 3d,ğŸ®,True
Cyber Batali Sega Tiki Mario Disco,ğŸ®,True
Dr. Dice Kart,ğŸ²ğŸï¸,True
Cyberkimchi Gamera,ğŸ¤–,True
Cyber-gogratom-komodo-tiki-dorito,ğŸ¤–ğŸ¦ğŸ¹,True
Diddy Kong Pinball,ğŸ®,True
Yakko Kart,ğŸ¤”,True
Cyber Mecha Gamera Kong Mario Kart 3,ğŸ®,True
Cyber Gogratomunculus Pong Cupid,ğŸ¤–,True
Cyberlo Kart Racer,ğŸï¸,True
Crashmo Kart Glow,ğŸï¸,True
Yakko Wii U,ğŸ®,True
Super Mecha Cyberalien Mario Cray-kart 3d,ğŸ¤–ğŸ‘½ğŸ„,True
Cyber-screenlama Galaxy,ğŸŒŒ,False
Cyber-mario Kart 7,ğŸ®,True
Wii U Arcade,ğŸ®,False
Cyberalien Mickey Kart,ğŸ‘¾ğŸ‘½ğŸï¸,True
Super Tikigame Bros. Mecha Mario Kart 2 Vr,ğŸ®,True
Cyber Mario Kart Galaxy Bros.,ğŸ®,True
Optimus Gizmo,ğŸ¤–,False
Cyber Tiki Kart Rpg,ğŸ®,True
Tiki Gamer,ğŸ—¿ğŸ®,False
Cyber-goku Disco Mariobot,ğŸ¤–,True
Cyber Moesha Kart 5,ğŸ®,True
Cyber Mario Party 2,ğŸ®ğŸ¤–ğŸ‰,False
Cyber-flash Moesha Kart Ds,ğŸ®,True
Astro Ra Kart 3,ğŸ®,True
Cyber-goku Disco Mickey 3d Pinball,ğŸ¤–ğŸ•ºğŸ­,True
Mario Maker,ğŸ®,False
Cyber Mecha Mario Kart Rave 3 Pinball,ğŸ¤–ğŸï¸ğŸ‰,True
Cyberchoo-mario Kart,ğŸ®,True
Mecha Kong Dorito,ğŸ¤–ğŸ¦ğŸ”º,True
Cyber Moesha Rave 3d,ğŸ‰,True
Cyberdino Mario,ğŸ¦–,True
Vr Mickey Kart,ğŸ®,True
Cyberlo Kart 3d World,ğŸ®,True
Mario Kart 64 Jesus,ğŸ®,True
Cyber Moesha Kart Rave,ğŸ®,True
Cyber-mario kart,ğŸ®,True
Skate Kart,ğŸ›¹,False
Cyber-mario Rave Odyssey Vr,ğŸ®,True
Cyber-mario Kart Wii U Rave,ğŸ®,True
Cyber Mario Kart Vr,ğŸ®,True
Yakko Kart 8,ğŸï¸,True
Mario Kart R,ğŸï¸,False
Cyber-flash Mario movie,ğŸ®,True
Mecha Kimchi Kart V,ğŸï¸,True
Cyber Mario Kart Rave Dice,ğŸ®ğŸï¸ğŸ‰,True
Cyber Mario Kart Vr Pinball,ğŸ®,True
Cyber Mario Kart 3d Pinball,ğŸ®,True
Wakko,ğŸ»,False
Cyber Dos Lollipop Mouse Kart R,ğŸ®,True
Cyber Elmo Kart Wars 3.0 Mecha,ğŸ¤–,True
Cyber Mecha Kimchi Pong Kart Island 3d,ğŸ®,True
Cyber Sega Mario Kart 6 Mecha,ğŸ®,True
Cyber-kart Odyssey,ğŸ•¹ï¸,True
Mario Party 64,ğŸ®,False
Cyberdine Kart,ğŸï¸,True
Cyber-robo Mario,ğŸ¤–,True
Mecha Cyberlama,ğŸ¤–,True
Cyberbaby Mario Kart Rave 64,ğŸ®,True
Cyberdada Kart GB,ğŸ®,True
Mario Kart: Double Dash,ğŸï¸,False
Cyber Elmo Cray-kart 3d,ğŸ¤–,True
Cyber-mario Kart Wii 3 Vr,ğŸ®,True
Cyberlo Pinball 3d,ğŸ•¹ï¸,True
Cyberdrive Mac-kart Galaxy,ğŸ•¹ï¸,True
Hula Wii,ğŸŒº,False
Baby Mario Galaxy,ğŸ‘¶ğŸš€ğŸŒŒ,False
Cyberalien Sega Mario Kart Prime,ğŸ‘¾ğŸ®ğŸï¸,True
Cyber Jesus Mickey Mario Rpg Kart Galaxy 3d,ğŸ®,True
Cyber Moesha Kart Rave 8,ğŸ®,True
Cyber-dos Mario Kart Mecha Gamera,ğŸ®ğŸ¤–ğŸ¢,True
Cyber Gamera Ra Kart Goggle Wii U,ğŸ®,True
Cyber Kart Racer,ğŸï¸,False
Cyberdada Kart Wii Rpg,ğŸ®,True
Super Mario Maker Vr.,ğŸ®,True
Cybercan Hula Dorito Kart,ğŸ¤–ğŸŒºğŸŸ,True
Cyber-mario Galaxy Pro Tsunami Kart 3d,ğŸ®,True
Cyber Tiki Ra Kart Ds,ğŸ®,True
Super Mario 64dd Galaxy Vr,ğŸ®,True
Cyber-mario Bros. Pinball,ğŸ•¹ï¸,True
Cyber Sashimi 4.0,ğŸ£,True
Cyber-flash Mario Kart 7,ğŸ®,True
Cyberalien Mario Kart Wow 3.0 Shogi,ğŸ‘¾ğŸ‘½ğŸï¸,True
Cyber-go-kart 2,ğŸï¸,True
Super Mario Bros. Vr,ğŸ®,False
Cyber-tiki-mario Kart Wii,ğŸ®,True
Cyber-tiki Mario Kart Wow,ğŸ®ğŸŒ´ğŸï¸,True
Mario Kart Pinball,ğŸ®ğŸï¸ğŸ”´,False
Cyber Gamera Ra Kart Wii U,ğŸ®,True
Cyber Mario Kart 3: The Movie Rave Dice,ğŸ®,True
Tiki Cybermatzo,ğŸ¤–,True
Ammonite Mario Kart 64,ğŸ®,True
Baby Wii-mote,ğŸ‘¶ğŸ®,True
Cyber-yo-Mario Bros. Z,ğŸ®,True
Cyber Tiki Mario Kart Rave 3d,ğŸ®,True
Cybermoai Mario Kart 3d Vr,ğŸ®,True
Car Town Rpg Vr,ğŸš—,True
Cyberlama Kart 10,ğŸ•¹ï¸,True
Mario Kart 3d Land 3.0,ğŸ®,True
Cyber-mario Kart Rave 3,ğŸ®,True
Mario Kart Tour Galaxy,ğŸŒŒ,True
Cyber-golem Wii U Pinball,ğŸ®,True
Cyber-goofygamera Mecha Disco,ğŸ¤–,True
Astrovan Mecha Komodo Kart Zephyr,ğŸš€ğŸ¦ğŸï¸,True
Cyber-kart Pongball,ğŸ®,True
Cyber-mario Kart Pinball 4,ğŸ®,True
Cyber-mario Pinball 3,ğŸ•¹ï¸,True
Mecha Jesus Mario Kart 3d Land,ğŸ¤–ğŸ™ğŸï¸,True
Cyber-mecha Kart 3d Land 3.0,ğŸ®,True
Cyber-mario Kart Wii 3.0 Rpg,ğŸ®,True
Cyber Mario Kart Galaxy 2,ğŸ®,True
Cyber Mario Party Galaxy Bros.,ğŸ®,True
Cyber Mario Kart Odyssey Vr,ğŸ®,True
Steam-mecha Mario Kart Tour,ğŸš‚ğŸ¤–ğŸï¸,True
Nintendo 3DS,ğŸ®,False
Cybermoai Kart 8,ğŸ®,True
Kimchi Kart 3d,ğŸï¸,True
Cybercube,ğŸ“±,False
Cyber Mario Rpg Kart Wii U Rave,ğŸ®,True
Mario Bros.,ğŸ„,False
Cyberchoo-mario Kart 3d,ğŸ®,True
Wii U Party Rave,ğŸ‰,True
Cyberdrive Mariobot,ğŸ¤–,True
Cyber-dos Mickey Nemo,ğŸ¤–,True
Cybervr Roomba Color Disco Kart,ğŸ¤–ğŸ•ºğŸŒˆ,True
Tiki Kart Rave Glow,ğŸï¸,True
Cyber Pong Kart 7,ğŸ®,True
Vr Mario Kart,ğŸ®ğŸï¸,False
Cyber-dos Mickey Kart Odyssey 3,ğŸ®,True
Cyber Mario Bros. Advance,ğŸ®,True
Cyberlo Kart Galaxy,ğŸ®,True
Choo-mario Kart Wii,ğŸš—,True
Astrovan Kart Ds,ğŸš€,True
Cyber Tikipad Mecha Yakko Mario Kart 3d,ğŸ¤–,True
Cyberbaby Jacksepticeye,ğŸ‘¾,True
Cyberbaby Kart 8.0,ğŸ®,True
Cyberlo Gizmo Kart 7.0,ğŸ®,True
Gamerpad Zephyr,ğŸ®,True
The Gamer Chip Arcade,ğŸ®,True
Super Mario 64 Vr,ğŸ„ğŸ®ğŸ”´,False
Cyber Mario Kart Bros. 3d,ğŸ®,True
Super Mario Kart 7.0,ğŸ®,False
Cyberlo Paddy Kart,ğŸ•¹ï¸,True
Cyber Mario Kart 4.0 Vr Arcade,ğŸ®,True
Mario Kart Double Double Dash,ğŸ®,True
Cyber Pixel Mario Bros. 3,ğŸ®,True
Cyberbaby Kart Odyssey,ğŸ®,True
Vrcade,ğŸ®,False
Cyber Mario Bros. 2: Cyberpunk Dorito Kart,ğŸ®,True
Cyber-mario Poker Pinball,ğŸ®,True
Mario Kart 3,ğŸï¸ğŸ„ğŸ,False
Cyberbunny Marioquake,ğŸ°ğŸ®,True
Nintendo Labo,ğŸ®,False
Super Mario Kart Odyssey 2,ğŸ®,False
Cyber Mario Kart Rpg Vr,ğŸ®,True
Super Mario Galaxy Kart 2: Cyber Edition,ğŸ®,True
Cyber-komodo Marioquake 3.0,ğŸ¦ğŸ®,True
Cyber Pong Kart Island 3d Pinball,ğŸ®,True
Cyber Mario Kart Wii Vr,ğŸ®,True
Super Astrocat Gamera Kart,ğŸš—,True
Cyberdice Mario Kart 3d,ğŸ®,True
Cybercorn Kart 4: Super Mario Galaxy 3d,ğŸ®,True
Super Mario 64 3d World Vr,ğŸ®,True
Cyber Santa Mario Kart 3d Vr,ğŸ…ğŸï¸ğŸ•¹,True
Cyber-tiki Marioquake Bros. 3,ğŸ®,True
Mario Kart 2 Pinball,ğŸ®,True
Cyber-robo Mario Kart,ğŸ¤–ğŸï¸,True
Cyber Mario Kart Rpg Vr Ds,ğŸ®,True
Cyberlama Gamera 64,ğŸ¤–,True
Mecha Kimchi Shell Mario Kart 7,ğŸ¤–ğŸŒ¶ğŸ¢,True
Cyber-go-yo Zephyr,ğŸ¤–,True
Mario Kart Wow 3: The Movie,ğŸ®,True
Cyberpaddy Cray-kart 3d,ğŸ®,True
Cyberdino-mickey Cray-kart,ğŸ¦–ğŸ­ğŸï¸,True
Cyberdark RosÃ©,ğŸŒ¹,True
Cyber Kong Kart Pinball,ğŸ¦ğŸï¸ğŸª€,True
Cyberlo Mario And Sonic Vr,ğŸ®,True
Cyberdorito Kart Rpg U,ğŸ®,True
Kimchi Tiki Kart,ğŸ¹,True
Cyber-goku Disco Mario Kart Theater,ğŸ¤–ğŸ•ºğŸ„,True
Santa Kart,ğŸ…,False
Cyber Jesus Kart 3d,ğŸ®,True
Mario Kart Tour 3d,ğŸï¸,True
Cyber Santa Kart 64dd,ğŸ…ğŸï¸,True
Cyber Kart 64,ğŸ•¹ï¸,False
Cyber-mario Kart 4,ğŸ®,True
Cyber-mario Kart Rave 2 Glow 10.0,ğŸ®,True
Cyber-kart Rave Rpg,ğŸ®,True
Cyberdino King Advance,ğŸ¦–,True
Cyber-screenlama Go-kart Wii,ğŸ®,True
Cyber-mario Kart Vr,ğŸ®,True
Cyber Gamera Ra Kart Sega 3d Land 3.0,ğŸ®,True
Cylon Mario Gamera 64dd,ğŸ¤–,True
Cyberleaf Kart 10.0,ğŸ®,True
Cyber Mario Kart 2 X,ğŸ®,False
Mario Party 4 Vr,ğŸ®,True
Cyber Mariobot,ğŸ¤–,False
Cyber Yakko Mario Kart,ğŸ®,True
Cyber-mario 64dd Galaxy Land 3,ğŸ®,True
Nintendogs,ğŸ¶,False
Cyber Mario Bros. 6,ğŸ®,True
Cyberlo Pharaoh Kart,ğŸ®,True
Cyberpaddy Kart Wow 2,ğŸ®,True
Cyber-flash-tiki-mickey,ğŸ¤–ğŸ”¦ğŸ—¿,True
Super Mario Kart 2: The Revenge of the Cyber-tiki-m,ğŸ®,True
Cyberpig Mario Galaxy,ğŸ·ğŸ®ğŸŒŒ,True
Gizmo DS,ğŸ•¹ï¸,True
Cyber-tiki Jesus Kart 3d Vr,ğŸ®,True
Gamera Kart 3d,ğŸ®,True
Cyber-goku Disco Tiki Kart,ğŸ¤–ğŸ•ºğŸ,True
Cyberalien Sega Mario Kart 3d,ğŸ‘¾ğŸ®ğŸï¸,True
Cyberdorito Kart Rpg U Pixel Galaxy Ds,ğŸ®,True
Cyber Sega Genesis,ğŸ®,True
